DATE,Inflasi_IDN,Kurs_USD_IDR,BI_Rate,Harga_Minyak
2010-01-01,73.73624000000001,9270.0,6.5,76.17
2010-02-01,73.96743000000002,9326.25,6.5,73.75
2010-03-01,73.84872,9161.08695652174,6.5,78.83
2010-04-01,73.96119,9026.31818181818,6.5,84.82
2010-05-01,74.17363,9160.2380952381,6.5,75.95
2010-06-01,74.89218000000001,9130.63636363636,6.5,74.76
2010-07-01,76.06685999999996,9034.59090909091,6.5,75.58
2010-08-01,76.64795999999998,8968.54545454545,6.5,77.04
2010-09-01,76.98537,8975.54545454545,6.5,77.84
2010-10-01,77.03534999999998,8924.57142857143,6.5,82.67
2010-11-01,77.49773,8939.31818181818,6.5,85.28
2010-12-01,78.21003,9019.21739130435,6.5,91.45
2011-01-01,78.90984,9030.52380952381,6.5,96.52
2011-02-01,79.01607,8913.55,6.75,103.72
2011-03-01,78.75988000000001,8756.73913043478,6.75,114.64
2011-04-01,78.51619999999998,8645.71428571429,6.75,123.26
2011-05-01,78.60992,8555.40909090909,6.75,114.99
2011-06-01,79.04105,8559.27272727273,6.75,113.83
2011-07-01,79.57217,8526.57142857143,6.75,116.97
2011-08-01,80.31570999999998,8521.26086956522,6.75,110.22
2011-09-01,80.5344,8717.59090909091,6.75,112.83
2011-10-01,80.44068,8861.7619047619,6.5,109.55
2011-11-01,80.71561,8994.04545454545,6.0,110.77
2011-12-01,81.17173000000001,9047.72727272727,6.0,107.87
2012-01-01,81.79030999999999,9043.63636363636,6.0,110.69
2012-02-01,81.82779999999998,8989.7619047619,5.75,119.33
2012-03-01,81.88403000000001,9134.5,5.75,125.45
2012-04-01,82.05274,9158.2380952381,5.75,119.75
2012-05-01,82.10898,9245.5652173913,5.75,110.34
2012-06-01,82.62134,9397.61904761905,5.75,95.16
2012-07-01,83.20243,9427.77272727273,5.75,102.62
2012-08-01,83.99595999999998,9486.65217391304,5.75,113.36
2012-09-01,84.00846,9546.5,5.75,112.86
2012-10-01,84.14592,9588.73913043478,5.75,111.71
2012-11-01,84.20215999999996,9612.68181818182,5.75,109.06
2012-12-01,84.65829000000002,9629.28571428571,5.75,109.49
2013-01-01,85.1674,9644.65217391304,5.75,112.96
2013-02-01,85.76529999999998,9677.35,5.75,116.05
2013-03-01,86.1722,9706.09523809524,5.75,108.47
2013-04-01,86.21371999999998,9720.45454545455,5.75,102.25
2013-05-01,86.29675999999996,9755.33333333333,5.75,102.56
2013-06-01,87.177,9877.8,6.0,102.92
2013-07-01,89.80942,10073.3913043478,6.5,107.93
2013-08-01,90.69797,10520.7727272727,7.0,111.28
2013-09-01,90.47375,11346.2380952381,7.25,111.6
2013-10-01,90.63983,11376.3043478261,7.25,109.08
2013-11-01,90.78931,11602.4285714286,7.5,107.79
2013-12-01,91.19621,12098.7272727273,7.5,110.76
2014-01-01,92.16780000000001,12176.3043478261,7.5,108.12
2014-02-01,92.40862000000001,11935.1,7.5,108.9
2014-03-01,92.48336,11425.9523809524,7.5,107.48
2014-04-01,92.46675,11429.1818181818,7.5,107.76
2014-05-01,92.61623,11533.2727272727,7.5,109.54
2014-06-01,93.01482,11892.619047619,7.5,111.8
2014-07-01,93.87846,11669.9130434783,7.5,106.77
2014-08-01,94.31857,11706.6666666667,7.5,101.61
2014-09-01,94.576,11890.7727272727,7.5,97.09
2014-10-01,95.01612,12144.8695652174,7.5,87.43
2014-11-01,96.44444,12158.3,7.5,79.44
2014-12-01,98.81943,12433.1739130435,7.75,62.34
2015-01-01,98.57861,12572.7727272727,7.75,47.76
2015-02-01,98.22153,12752.55,7.5,58.1
2015-03-01,98.38761,13066.8181818182,7.5,55.89
2015-04-01,98.74469,12950.1363636364,7.5,59.52
2015-05-01,99.23463,13133.0952380952,7.5,64.08
2015-06-01,99.7661,13309.4545454545,7.5,61.48
2015-07-01,100.6962,13366.8260869565,7.5,56.56
2015-08-01,101.0865,13780.8571428571,7.5,46.52
2015-09-01,101.0366,14406.4090909091,7.5,47.62
2015-10-01,100.9536,13785.0,7.5,48.43
2015-11-01,101.1612,13672.5714285714,7.5,44.27
2015-12-01,102.1328,13836.2173913043,7.5,38.01
2016-01-01,102.6559,13884.5714285714,7.25,30.7
2016-02-01,102.5646,13522.2380952381,7.0,32.18
2016-03-01,102.7639,13192.7826086957,6.75,38.21
2016-04-01,102.2989,13179.8571428571,6.75,41.58
2016-05-01,102.5397,13403.8636363636,6.75,46.74
2016-06-01,103.2123,13355.0454545455,6.5,48.25
2016-07-01,103.9265,13128.9523809524,6.5,44.95
2016-08-01,103.9099,13161.8695652174,5.25,45.84
2016-09-01,104.1424,13116.9090909091,5.0,46.57
2016-10-01,104.2919,13017.2380952381,4.75,49.52
2016-11-01,104.7818,13310.5,4.75,44.73
2016-12-01,105.2219,13417.5909090909,4.75,53.31
2017-01-01,106.2433,13362.2272727273,4.75,54.58
2017-02-01,106.4925,13340.3,4.75,54.87
2017-03-01,106.4759,13344.1304347826,4.75,51.59
2017-04-01,106.5672,13304.95,4.75,52.31
2017-05-01,106.9824,13324.5652173913,4.75,50.33
2017-06-01,107.7215,13304.0,4.75,46.37
2017-07-01,107.954,13342.0952380952,4.75,48.48
2017-08-01,107.8793,13343.2173913043,4.5,51.7
2017-09-01,108.0204,13304.1428571429,4.25,56.15
2017-10-01,108.0287,13526.0,4.25,57.51
2017-11-01,108.2446,13527.3636363636,4.25,62.71
2017-12-01,109.0169,13554.7619047619,4.25,64.37
2018-01-01,109.6979,13387.652173913,4.25,69.08
2018-02-01,109.8806,13589.05,4.25,65.32
2018-03-01,110.0965,13758.1818181818,4.25,66.02
2018-04-01,110.2044,13802.9523809524,4.25,72.11
2018-05-01,110.4369,14052.6086956522,4.75,76.98
2018-06-01,111.0847,13993.7619047619,5.25,74.41
2018-07-01,111.3919,14414.5,5.25,74.25
2018-08-01,111.3338,14562.7826086957,5.5,72.53
2018-09-01,111.1345,14867.05,5.75,78.89
2018-10-01,111.4417,15178.8695652174,5.75,81.03
2018-11-01,111.7407,14691.8181818182,6.0,64.75
2018-12-01,112.4299,14495.3333333333,6.0,57.36
2019-01-01,112.7953,14176.9565217391,6.0,59.41
2019-02-01,112.704,14032.25,6.0,63.96
2019-03-01,112.8285,14207.0952380952,6.0,66.14
2019-04-01,113.3268,14137.6363636364,6.0,71.23
2019-05-01,114.0991,14386.1304347826,6.0,71.32
2019-06-01,114.7302,14266.15,6.0,64.22
2019-07-01,115.0873,14043.9130434783,5.75,63.92
2019-08-01,115.2201,14242.0454545455,5.5,59.04
2019-09-01,114.9046,14111.0952380952,5.25,62.83
2019-10-01,114.9295,14117.5652173913,5.0,59.71
2019-11-01,115.0956,14068.7142857143,5.0,63.21
2019-12-01,115.4859,14013.8636363636,5.0,67.31
2020-01-01,115.818,13739.5652173913,5.0,63.65
2020-02-01,116.14,13776.15,4.75,55.66
2020-03-01,116.251,15253.2727272727,4.5,32.01
2020-04-01,116.3398,15884.4090909091,4.5,18.38
2020-05-01,116.4175,14911.3333333333,4.5,29.38
2020-06-01,116.6284,14220.3636363636,4.25,40.27
2020-07-01,116.5063,14585.4782608696,4.0,43.24
2020-08-01,116.4508,14739.5238095238,4.0,44.74
2020-09-01,116.3953,14847.9545454545,4.0,40.91
2020-10-01,116.473,14749.1363636364,4.0,40.19
2020-11-01,116.7949,14236.8095238095,3.75,42.69
2020-12-01,117.3167,14173.0869565217,3.75,49.99
2021-01-01,117.6164,14063.9523809524,3.75,54.77
2021-02-01,117.7385,14042.1,3.5,62.28
2021-03-01,117.8384,14417.3913043478,3.5,65.41
2021-04-01,117.9939,14558.1818181818,3.5,64.81
2021-05-01,118.3713,14323.1904761905,3.5,68.53
2021-06-01,118.1826,14338.2272727273,3.5,73.16
2021-07-01,118.2714,14511.4545454545,3.5,75.17
2021-08-01,118.3047,14396.3636363636,3.5,70.75
2021-09-01,118.2603,14256.9545454545,3.5,74.49
2021-10-01,118.4046,14193.5714285714,3.5,83.54
2021-11-01,118.8375,14263.5,3.5,81.05
2021-12-01,119.5147,14328.9130434783,3.5,74.17
2022-01-01,120.1808,14335.2380952381,3.5,86.51
2022-02-01,120.1586,14353.55,3.5,97.13
2022-03-01,120.9467,14348.6956521739,3.5,117.25
2022-04-01,122.0902,14370.619047619,3.5,104.58
2022-05-01,122.5786,14565.8181818182,3.5,113.34
2022-06-01,123.3224,14682.0,3.5,122.71
2022-07-01,124.1106,14984.380952381,3.5,111.93
2022-08-01,123.8552,14845.2608695652,3.75,100.45
2022-09-01,125.2984,14971.7727272727,4.25,89.76
2022-10-01,125.1652,15417.4761904762,4.75,93.33
2022-11-01,125.2762,15658.7272727273,5.25,91.42
2022-12-01,126.0977,15615.0,5.5,80.92
2023-01-01,126.5306,15286.9545454545,5.75,82.5
2023-02-01,126.7304,15126.0,5.75,82.59
2023-03-01,126.9525,15306.9130434783,5.75,78.43
2023-04-01,127.3743,14846.6,5.75,84.64
2023-05-01,127.4853,14808.2173913043,5.75,75.47
2023-06-01,127.6629,14948.1818181818,5.75,74.84
2023-07-01,127.9294,15038.1904761905,5.75,80.11
2023-08-01,127.9072,15249.5217391304,5.75,86.15
2023-09-01,128.1514,15359.4285714286,5.75,93.72
2023-10-01,128.3734,15741.2272727273,6.0,90.6
2023-11-01,128.8618,15617.4090909091,6.0,82.94
2023-12-01,129.3947,15515.2380952381,6.0,77.63
